motif_ID	motif_ALT_ID	motif_P-value	seq_ID	seq_Score	seq_Class	is_holdout?
1-RCCACACCCWD	STREME-1	6.3e-007	chr7:103853990-103853891	16.06	tp	0
1-RCCACACCCWD	STREME-1	6.3e-007	chr2:157978535-157978436	15.66	tp	0
1-RCCACACCCWD	STREME-1	6.3e-007	chr11:60989018-60988919	15.66	tp	0
1-RCCACACCCWD	STREME-1	6.3e-007	chr10:57527783-57527684	15.56	tp	0
1-RCCACACCCWD	STREME-1	6.3e-007	chr1:137838362-137838263	15.56	tp	0
1-RCCACACCCWD	STREME-1	6.3e-007	chr18:61379939-61379840	15.56	tp	0
1-RCCACACCCWD	STREME-1	6.3e-007	chr5:89056715-89056616	15.56	tp	0
1-RCCACACCCWD	STREME-1	6.3e-007	chr3:51492656-51492557	15.56	tp	0
1-RCCACACCCWD	STREME-1	6.3e-007	chr6:146179149-146179050	15.56	tp	0
1-RCCACACCCWD	STREME-1	6.3e-007	chr10:41632289-41632190	15.29	tp	0
1-RCCACACCCWD	STREME-1	6.3e-007	chr18:13094665-13094566	15.20	tp	0
1-RCCACACCCWD	STREME-1	6.3e-007	chr4:153535333-153535234	15.20	tp	0
1-RCCACACCCWD	STREME-1	6.3e-007	chr9:7790619-7790520	15.16	tp	0
1-RCCACACCCWD	STREME-1	6.3e-007	chr14:41760772-41760673	15.16	tp	0
1-RCCACACCCWD	STREME-1	6.3e-007	chr9:21940247-21940148	15.16	tp	0
1-RCCACACCCWD	STREME-1	6.3e-007	chr2:156710428-156710329	15.16	tp	0
1-RCCACACCCWD	STREME-1	6.3e-007	chr7:19832405-19832306	15.16	tp	0
1-RCCACACCCWD	STREME-1	6.3e-007	chr5:65256063-65255964	15.16	tp	0
1-RCCACACCCWD	STREME-1	6.3e-007	chr2:103962250-103962151	15.09	tp	0
1-RCCACACCCWD	STREME-1	6.3e-007	chr15:85935853-85935754	15.09	tp	0
1-RCCACACCCWD	STREME-1	6.3e-007	chr13:25281781-25281682	15.09	tp	0
1-RCCACACCCWD	STREME-1	6.3e-007	chr17:45884914-45884815	15.09	tp	0
1-RCCACACCCWD	STREME-1	6.3e-007	chr7:128851081-128850982	15.03	tp	0
1-RCCACACCCWD	STREME-1	6.3e-007	chr11:30901637-30901538	15.03	tp	0
1-RCCACACCCWD	STREME-1	6.3e-007	chr5:89197387-89197288	15.03	tp	0
1-RCCACACCCWD	STREME-1	6.3e-007	chrX:68727575-68727476	15.03	tp	1
1-RCCACACCCWD	STREME-1	6.3e-007	chr12:3795637-3795538	14.99	tp	0
1-RCCACACCCWD	STREME-1	6.3e-007	chr5:27985258-27985159	14.99	tp	0
1-RCCACACCCWD	STREME-1	6.3e-007	chr1:133344081-133343982	14.99	tp	0
1-RCCACACCCWD	STREME-1	6.3e-007	chr10:107550472-107550373	14.94	tp	0
1-RCCACACCCWD	STREME-1	6.3e-007	chr8:74937908-74937809	14.94	tp	0
1-RCCACACCCWD	STREME-1	6.3e-007	chr2:28463170-28463071	14.86	tp	0
1-RCCACACCCWD	STREME-1	6.3e-007	chr17:33229301-33229202	14.86	tp	0
1-RCCACACCCWD	STREME-1	6.3e-007	chr19:45865225-45865126	14.82	tp	0
1-RCCACACCCWD	STREME-1	6.3e-007	chr11:117642258-117642159	14.82	tp	0
1-RCCACACCCWD	STREME-1	6.3e-007	chr5:139673006-139672907	14.78	tp	0
1-RCCACACCCWD	STREME-1	6.3e-007	chr5:45951763-45951664	14.78	tp	0
1-RCCACACCCWD	STREME-1	6.3e-007	chr2:25742939-25742840	14.78	tp	0
1-RCCACACCCWD	STREME-1	6.3e-007	chr5:64826840-64826741	14.78	tp	0
1-RCCACACCCWD	STREME-1	6.3e-007	chr4:135730864-135730765	14.78	tp	0
1-RCCACACCCWD	STREME-1	6.3e-007	chr17:28960450-28960351	14.78	tp	0
1-RCCACACCCWD	STREME-1	6.3e-007	chr8:71137337-71137238	14.78	tp	0
1-RCCACACCCWD	STREME-1	6.3e-007	chr7:139969882-139969783	14.78	tp	0
1-RCCACACCCWD	STREME-1	6.3e-007	chr5:139858300-139858201	14.78	tp	0
1-RCCACACCCWD	STREME-1	6.3e-007	chr17:43466716-43466617	14.78	tp	0
1-RCCACACCCWD	STREME-1	6.3e-007	chr17:85277777-85277678	14.78	tp	0
1-RCCACACCCWD	STREME-1	6.3e-007	chr10:110604567-110604468	14.78	tp	0
1-RCCACACCCWD	STREME-1	6.3e-007	chr7:151918012-151917913	14.78	tp	0
1-RCCACACCCWD	STREME-1	6.3e-007	chr17:84179713-84179614	14.78	tp	1
1-RCCACACCCWD	STREME-1	6.3e-007	chr3:108248202-108248103	14.73	tp	0
1-RCCACACCCWD	STREME-1	6.3e-007	chr13:81067698-81067599	14.73	tp	0
1-RCCACACCCWD	STREME-1	6.3e-007	chr13:3866464-3866365	14.70	tp	0
1-RCCACACCCWD	STREME-1	6.3e-007	chr7:28233909-28233810	14.70	tp	0
1-RCCACACCCWD	STREME-1	6.3e-007	chr6:38866691-38866592	14.70	tp	0
1-RCCACACCCWD	STREME-1	6.3e-007	chr13:110473332-110473233	14.70	tp	0
1-RCCACACCCWD	STREME-1	6.3e-007	chr15:76084098-76083999	14.70	tp	0
1-RCCACACCCWD	STREME-1	6.3e-007	chr13:112863843-112863744	14.69	tp	0
1-RCCACACCCWD	STREME-1	6.3e-007	chr9:107206916-107206817	14.69	tp	0
1-RCCACACCCWD	STREME-1	6.3e-007	chr9:113850619-113850520	14.69	tp	0
1-RCCACACCCWD	STREME-1	6.3e-007	chr6:34857494-34857395	14.69	tp	1
1-RCCACACCCWD	STREME-1	6.3e-007	chr6:72324892-72324793	14.53	tp	0
1-RCCACACCCWD	STREME-1	6.3e-007	chr2:77015733-77015634	14.53	tp	0
1-RCCACACCCWD	STREME-1	6.3e-007	chr8:97964168-97964069	14.53	tp	0
1-RCCACACCCWD	STREME-1	6.3e-007	chr14:63796825-63796726	14.53	tp	1
1-RCCACACCCWD	STREME-1	6.3e-007	chr1:173211150-173211051	14.48	tp	0
1-RCCACACCCWD	STREME-1	6.3e-007	chr13:74873392-74873293	14.47	tp	0
1-RCCACACCCWD	STREME-1	6.3e-007	chr11:115374672-115374573	14.46	tp	0
1-RCCACACCCWD	STREME-1	6.3e-007	chr5:33616412-33616313	14.44	tp	0
1-RCCACACCCWD	STREME-1	6.3e-007	chr16:91353112-91353013	14.44	tp	0
1-RCCACACCCWD	STREME-1	6.3e-007	chr1:169314406-169314307	14.44	tp	0
1-RCCACACCCWD	STREME-1	6.3e-007	chr11:90548028-90547929	14.44	tp	0
1-RCCACACCCWD	STREME-1	6.3e-007	chr13:112833928-112833829	14.44	tp	0
1-RCCACACCCWD	STREME-1	6.3e-007	chr6:86027970-86027871	14.44	tp	0
1-RCCACACCCWD	STREME-1	6.3e-007	chr14:79703042-79702943	14.44	tp	0
1-RCCACACCCWD	STREME-1	6.3e-007	chr3:103708783-103708684	14.44	fp	0
1-RCCACACCCWD	STREME-1	6.3e-007	chr15:58828618-58828519	14.44	tp	1
1-RCCACACCCWD	STREME-1	6.3e-007	chr15:81700565-81700466	14.32	tp	0
1-RCCACACCCWD	STREME-1	6.3e-007	chr4:43977309-43977210	14.32	tp	0
1-RCCACACCCWD	STREME-1	6.3e-007	chr17:12230154-12230055	14.32	tp	0
1-RCCACACCCWD	STREME-1	6.3e-007	chr9:120025569-120025470	14.32	tp	0
1-RCCACACCCWD	STREME-1	6.3e-007	chr13:3862301-3862202	14.32	tp	0
1-RCCACACCCWD	STREME-1	6.3e-007	chr4:122964163-122964064	14.32	tp	0
1-RCCACACCCWD	STREME-1	6.3e-007	chr18:23868675-23868576	14.23	tp	0
1-RCCACACCCWD	STREME-1	6.3e-007	chr3:145253690-145253591	14.23	tp	0
1-RCCACACCCWD	STREME-1	6.3e-007	chr10:111262009-111261910	14.23	tp	0
1-RCCACACCCWD	STREME-1	6.3e-007	chr11:96817528-96817429	14.23	tp	0
1-RCCACACCCWD	STREME-1	6.3e-007	chr17:26079723-26079624	14.23	tp	0
1-RCCACACCCWD	STREME-1	6.3e-007	chr16:44265852-44265753	14.08	tp	0
1-RCCACACCCWD	STREME-1	6.3e-007	chr12:78031363-78031264	14.01	tp	0
1-RCCACACCCWD	STREME-1	6.3e-007	chr2:93306655-93306556	13.99	tp	0
1-RCCACACCCWD	STREME-1	6.3e-007	chr6:8295604-8295505	13.98	tp	0
1-RCCACACCCWD	STREME-1	6.3e-007	chr11:90524530-90524431	13.98	tp	0
1-RCCACACCCWD	STREME-1	6.3e-007	chr9:112905309-112905210	13.98	tp	0
1-RCCACACCCWD	STREME-1	6.3e-007	chr19:53260135-53260036	13.98	tp	0
1-RCCACACCCWD	STREME-1	6.3e-007	chr9:112905309-112905210	13.98	fp	0
1-RCCACACCCWD	STREME-1	6.3e-007	chr5:138127395-138127296	13.97	tp	0
1-RCCACACCCWD	STREME-1	6.3e-007	chr17:25039817-25039718	13.97	tp	0
1-RCCACACCCWD	STREME-1	6.3e-007	chr11:107308842-107308743	13.97	tp	0
1-RCCACACCCWD	STREME-1	6.3e-007	chr7:25994167-25994068	13.97	tp	1
1-RCCACACCCWD	STREME-1	6.3e-007	chr5:123643586-123643487	13.80	tp	0
1-RCCACACCCWD	STREME-1	6.3e-007	chr9:44096684-44096585	13.80	tp	1
1-RCCACACCCWD	STREME-1	6.3e-007	chr15:95715778-95715679	13.74	tp	0
1-RCCACACCCWD	STREME-1	6.3e-007	chr7:139915631-139915532	13.74	tp	0
1-RCCACACCCWD	STREME-1	6.3e-007	chr11:115374081-115373982	13.74	tp	1
1-RCCACACCCWD	STREME-1	6.3e-007	chr2:24832539-24832440	13.65	tp	0
1-RCCACACCCWD	STREME-1	6.3e-007	chr3:108248202-108248103	13.65	fp	0
1-RCCACACCCWD	STREME-1	6.3e-007	chr6:142838954-142838855	13.65	tp	1
1-RCCACACCCWD	STREME-1	6.3e-007	chr1:135693974-135693875	13.63	tp	0
1-RCCACACCCWD	STREME-1	6.3e-007	chr1:136638680-136638581	13.62	tp	0
1-RCCACACCCWD	STREME-1	6.3e-007	chr8:108344909-108344810	13.62	tp	0
1-RCCACACCCWD	STREME-1	6.3e-007	chr4:128533091-128532992	13.62	tp	0
1-RCCACACCCWD	STREME-1	6.3e-007	chr4:128725067-128724968	13.62	tp	0
1-RCCACACCCWD	STREME-1	6.3e-007	chr7:148354772-148354673	13.62	fp	0
1-RCCACACCCWD	STREME-1	6.3e-007	chr17:5112255-5112156	13.62	tp	1
1-RCCACACCCWD	STREME-1	6.3e-007	chr16:32509173-32509074	13.62	tp	0
1-RCCACACCCWD	STREME-1	6.3e-007	chr4:9588276-9588177	13.53	tp	0
1-RCCACACCCWD	STREME-1	6.3e-007	chr11:115368038-115367939	13.51	tp	0
1-RCCACACCCWD	STREME-1	6.3e-007	chr5:30290167-30290068	13.51	tp	0
1-RCCACACCCWD	STREME-1	6.3e-007	chr11:69186839-69186740	13.51	tp	0
1-RCCACACCCWD	STREME-1	6.3e-007	chr4:118241465-118241366	13.51	tp	0
1-RCCACACCCWD	STREME-1	6.3e-007	chr13:113538109-113538010	13.42	tp	0
1-RCCACACCCWD	STREME-1	6.3e-007	chr1:155596804-155596705	13.42	tp	0
1-RCCACACCCWD	STREME-1	6.3e-007	chr10:40726622-40726523	13.42	tp	0
1-RCCACACCCWD	STREME-1	6.3e-007	chr1:134980048-134979949	13.42	tp	0
1-RCCACACCCWD	STREME-1	6.3e-007	chr2:152650739-152650640	13.35	tp	0
1-RCCACACCCWD	STREME-1	6.3e-007	chr8:109927442-109927343	13.33	tp	0
1-RCCACACCCWD	STREME-1	6.3e-007	chr9:108243278-108243179	13.33	tp	0
1-RCCACACCCWD	STREME-1	6.3e-007	chr11:101309631-101309532	13.33	tp	0
1-RCCACACCCWD	STREME-1	6.3e-007	chr13:56459464-56459365	13.23	tp	0
1-RCCACACCCWD	STREME-1	6.3e-007	chr4:129141143-129141044	13.16	tp	0
1-RCCACACCCWD	STREME-1	6.3e-007	chr4:111174161-111174062	13.16	tp	0
1-RCCACACCCWD	STREME-1	6.3e-007	chr15:91082614-91082515	13.15	tp	0
1-RCCACACCCWD	STREME-1	6.3e-007	chr10:60612388-60612289	13.15	tp	0
1-RCCACACCCWD	STREME-1	6.3e-007	chr19:55941780-55941681	13.15	tp	0
1-RCCACACCCWD	STREME-1	6.3e-007	chr16:49777198-49777099	13.15	tp	0
1-RCCACACCCWD	STREME-1	6.3e-007	chr19:10736623-10736524	13.15	tp	0
1-RCCACACCCWD	STREME-1	6.3e-007	chr15:83139283-83139184	13.15	tp	1
1-RCCACACCCWD	STREME-1	6.3e-007	chr15:82060381-82060282	13.07	tp	0
1-RCCACACCCWD	STREME-1	6.3e-007	chr8:107824056-107823957	13.07	tp	0
1-RCCACACCCWD	STREME-1	6.3e-007	chr1:169323096-169322997	13.07	tp	0
1-RCCACACCCWD	STREME-1	6.3e-007	chr8:87362561-87362462	13.07	tp	0
1-RCCACACCCWD	STREME-1	6.3e-007	chr12:27136142-27136043	13.07	tp	0
1-RCCACACCCWD	STREME-1	6.3e-007	chr17:85277777-85277678	13.07	fp	0
1-RCCACACCCWD	STREME-1	6.3e-007	chr8:87494948-87494849	12.95	tp	0
1-RCCACACCCWD	STREME-1	6.3e-007	chr19:6300559-6300460	12.95	tp	0
1-RCCACACCCWD	STREME-1	6.3e-007	chr12:102194481-102194382	12.95	tp	0
1-RCCACACCCWD	STREME-1	6.3e-007	chr7:128112855-128112756	12.95	tp	0
1-RCCACACCCWD	STREME-1	6.3e-007	chr7:111007728-111007629	12.95	tp	0
1-RCCACACCCWD	STREME-1	6.3e-007	chr11:69793483-69793384	12.88	tp	0
1-RCCACACCCWD	STREME-1	6.3e-007	chr2:164599549-164599450	12.88	tp	0
1-RCCACACCCWD	STREME-1	6.3e-007	chr15:98886917-98886818	12.86	tp	0
1-RCCACACCCWD	STREME-1	6.3e-007	chr15:78243588-78243489	12.82	fp	0
1-RCCACACCCWD	STREME-1	6.3e-007	chr11:69760001-69759902	12.81	tp	0
1-RCCACACCCWD	STREME-1	6.3e-007	chr12:70394924-70394825	12.61	tp	0
1-RCCACACCCWD	STREME-1	6.3e-007	chr11:86427674-86427575	12.61	tp	0
1-RCCACACCCWD	STREME-1	6.3e-007	chr11:61433806-61433707	12.61	tp	0
1-RCCACACCCWD	STREME-1	6.3e-007	chr17:29067381-29067282	12.59	tp	0
1-RCCACACCCWD	STREME-1	6.3e-007	chr1:9738432-9738333	12.48	tp	0
1-RCCACACCCWD	STREME-1	6.3e-007	chr6:34428872-34428773	12.47	tp	0
1-RCCACACCCWD	STREME-1	6.3e-007	chr11:50038436-50038337	12.47	fp	0
1-RCCACACCCWD	STREME-1	6.3e-007	chr7:148354772-148354673	12.32	tp	0
1-RCCACACCCWD	STREME-1	6.3e-007	chr4:118293295-118293196	12.28	tp	0
1-RCCACACCCWD	STREME-1	6.3e-007	chr13:35887879-35887780	12.25	tp	0
1-RCCACACCCWD	STREME-1	6.3e-007	chr18:85054517-85054418	12.25	tp	0
1-RCCACACCCWD	STREME-1	6.3e-007	chr12:114386792-114386693	12.25	fp	0
1-RCCACACCCWD	STREME-1	6.3e-007	chr12:80012815-80012716	12.25	tp	1
1-RCCACACCCWD	STREME-1	6.3e-007	chr5:129723498-129723399	12.23	tp	1
1-RCCACACCCWD	STREME-1	6.3e-007	chr14:55043596-55043497	12.19	tp	0
1-RCCACACCCWD	STREME-1	6.3e-007	chr16:76323900-76323801	12.19	tp	0
1-RCCACACCCWD	STREME-1	6.3e-007	chr15:34829903-34829804	12.19	tp	0
1-RCCACACCCWD	STREME-1	6.3e-007	chr3:60623694-60623595	12.18	tp	1
1-RCCACACCCWD	STREME-1	6.3e-007	chr5:77087435-77087336	12.14	tp	0
1-RCCACACCCWD	STREME-1	6.3e-007	chr17:47735204-47735105	12.14	tp	0
1-RCCACACCCWD	STREME-1	6.3e-007	chr1:82634122-82634023	12.02	tp	0
1-RCCACACCCWD	STREME-1	6.3e-007	chr7:148957011-148956912	11.99	tp	0
1-RCCACACCCWD	STREME-1	6.3e-007	chr13:57679376-57679277	11.96	tp	0
1-RCCACACCCWD	STREME-1	6.3e-007	chr15:78243588-78243489	11.92	tp	0
1-RCCACACCCWD	STREME-1	6.3e-007	chr4:117504722-117504623	11.92	tp	0
1-RCCACACCCWD	STREME-1	6.3e-007	chr4:41334957-41334858	11.82	tp	0
1-RCCACACCCWD	STREME-1	6.3e-007	chr8:24164638-24164539	11.82	tp	0
1-RCCACACCCWD	STREME-1	6.3e-007	chr10:126642475-126642376	11.81	tp	0
1-RCCACACCCWD	STREME-1	6.3e-007	chr9:70682645-70682546	11.81	tp	0
1-RCCACACCCWD	STREME-1	6.3e-007	chr16:8687007-8686908	11.79	tp	0
1-RCCACACCCWD	STREME-1	6.3e-007	chr13:114649329-114649230	11.78	tp	0
1-RCCACACCCWD	STREME-1	6.3e-007	chr6:34107295-34107196	11.78	tp	0
1-RCCACACCCWD	STREME-1	6.3e-007	chr2:72859149-72859050	11.78	tp	0
1-RCCACACCCWD	STREME-1	6.3e-007	chr19:44460503-44460404	11.78	tp	0
1-RCCACACCCWD	STREME-1	6.3e-007	chr1:183078913-183078814	11.78	tp	0
1-RCCACACCCWD	STREME-1	6.3e-007	chr4:44017138-44017039	11.78	tp	1
1-RCCACACCCWD	STREME-1	6.3e-007	chr19:55940402-55940303	11.76	tp	0
1-RCCACACCCWD	STREME-1	6.3e-007	chr9:75406767-75406668	11.72	tp	0
1-RCCACACCCWD	STREME-1	6.3e-007	chr12:112506013-112505914	11.70	tp	0
1-RCCACACCCWD	STREME-1	6.3e-007	chr4:44084887-44084788	11.59	tp	0
1-RCCACACCCWD	STREME-1	6.3e-007	chr3:84162751-84162652	11.59	tp	0
1-RCCACACCCWD	STREME-1	6.3e-007	chr2:167454493-167454394	11.59	tp	0
1-RCCACACCCWD	STREME-1	6.3e-007	chr11:117187570-117187471	11.59	tp	0
1-RCCACACCCWD	STREME-1	6.3e-007	chr9:24715243-24715144	11.56	tp	0
1-RCCACACCCWD	STREME-1	6.3e-007	chr5:143682148-143682049	11.55	tp	0
1-RCCACACCCWD	STREME-1	6.3e-007	chr12:112796992-112796893	11.55	tp	0
1-RCCACACCCWD	STREME-1	6.3e-007	chr11:99087746-99087647	11.52	tp	0
1-RCCACACCCWD	STREME-1	6.3e-007	chr13:35769392-35769293	11.47	tp	0
1-RCCACACCCWD	STREME-1	6.3e-007	chr4:132847319-132847220	11.46	tp	0
1-RCCACACCCWD	STREME-1	6.3e-007	chr9:66764104-66764005	11.37	tp	0
1-RCCACACCCWD	STREME-1	6.3e-007	chr9:108710055-108709956	11.37	tp	1
1-RCCACACCCWD	STREME-1	6.3e-007	chr9:98390141-98390042	11.33	fp	0
1-RCCACACCCWD	STREME-1	6.3e-007	chr2:31940923-31940824	11.31	tp	0
1-RCCACACCCWD	STREME-1	6.3e-007	chr12:114390858-114390759	11.31	tp	1
1-RCCACACCCWD	STREME-1	6.3e-007	chr6:57653487-57653388	11.31	tp	1
1-RCCACACCCWD	STREME-1	6.3e-007	chr11:105013912-105013813	11.29	fp	0
1-RCCACACCCWD	STREME-1	6.3e-007	chr14:56155081-56154982	11.20	tp	0
1-RCCACACCCWD	STREME-1	6.3e-007	chr5:118933599-118933500	11.20	tp	0
1-RCCACACCCWD	STREME-1	6.3e-007	chr8:97257903-97257804	11.20	tp	0
1-RCCACACCCWD	STREME-1	6.3e-007	chr1:77295320-77295221	11.20	tp	1
1-RCCACACCCWD	STREME-1	6.3e-007	chr9:31060130-31060031	11.13	tp	0
1-RCCACACCCWD	STREME-1	6.3e-007	chr4:62177751-62177652	11.13	tp	0
1-RCCACACCCWD	STREME-1	6.3e-007	chr19:6236268-6236169	11.13	tp	0
1-RCCACACCCWD	STREME-1	6.3e-007	chr2:84682194-84682095	11.13	fp	0
1-RCCACACCCWD	STREME-1	6.3e-007	chr6:135115826-135115727	11.12	tp	0
1-RCCACACCCWD	STREME-1	6.3e-007	chr16:34031820-34031721	11.05	tp	0
1-RCCACACCCWD	STREME-1	6.3e-007	chr18:80417078-80416979	11.00	tp	0
1-RCCACACCCWD	STREME-1	6.3e-007	chr7:20322184-20322085	11.00	tp	0
1-RCCACACCCWD	STREME-1	6.3e-007	chr11:84637191-84637092	10.97	tp	0
1-RCCACACCCWD	STREME-1	6.3e-007	chr10:93585602-93585503	10.88	tp	0
1-RCCACACCCWD	STREME-1	6.3e-007	chr7:149571820-149571721	10.87	tp	0
1-RCCACACCCWD	STREME-1	6.3e-007	chr11:94859057-94858958	10.87	tp	0
1-RCCACACCCWD	STREME-1	6.3e-007	chr13:100518206-100518107	10.86	tp	0
1-RCCACACCCWD	STREME-1	6.3e-007	chr5:143814527-143814428	10.81	tp	0
1-RCCACACCCWD	STREME-1	6.3e-007	chr16:49839819-49839720	10.76	tp	0
1-RCCACACCCWD	STREME-1	6.3e-007	chr18:60666879-60666780	10.74	tp	0
1-RCCACACCCWD	STREME-1	6.3e-007	chr10:59336503-59336404	10.72	tp	0
1-RCCACACCCWD	STREME-1	6.3e-007	chr4:128287520-128287421	10.65	tp	0
1-RCCACACCCWD	STREME-1	6.3e-007	chr7:16987393-16987294	10.65	tp	0
1-RCCACACCCWD	STREME-1	6.3e-007	chr9:21362869-21362770	10.65	tp	0
1-RCCACACCCWD	STREME-1	6.3e-007	chr7:25638052-25637953	10.65	tp	0
1-RCCACACCCWD	STREME-1	6.3e-007	chr12:70860659-70860560	10.62	tp	0
1-RCCACACCCWD	STREME-1	6.3e-007	chr9:70774706-70774607	10.62	tp	0
1-RCCACACCCWD	STREME-1	6.3e-007	chr3:84162751-84162652	10.62	fp	0
1-RCCACACCCWD	STREME-1	6.3e-007	chr17:48438605-48438506	10.62	tp	1
1-RCCACACCCWD	STREME-1	6.3e-007	chr18:32702221-32702122	10.62	tp	0
1-RCCACACCCWD	STREME-1	6.3e-007	chr3:79383868-79383769	10.61	tp	0
1-RCCACACCCWD	STREME-1	6.3e-007	chr9:107997474-107997375	10.61	tp	0
1-RCCACACCCWD	STREME-1	6.3e-007	chr5:115468448-115468349	10.59	tp	0
1-RCCACACCCWD	STREME-1	6.3e-007	chr6:34428872-34428773	10.59	fp	0
1-RCCACACCCWD	STREME-1	6.3e-007	chr14:21299328-21299229	10.57	tp	0
1-RCCACACCCWD	STREME-1	6.3e-007	chr5:77087435-77087336	10.57	fp	0
1-RCCACACCCWD	STREME-1	6.3e-007	chr13:73612923-73612824	10.57	tp	0
1-RCCACACCCWD	STREME-1	6.3e-007	chr10:40924806-40924707	10.57	tp	0
1-RCCACACCCWD	STREME-1	6.3e-007	chr5:96888820-96888721	10.49	tp	0
1-RCCACACCCWD	STREME-1	6.3e-007	chr17:24289403-24289304	10.49	tp	0
1-RCCACACCCWD	STREME-1	6.3e-007	chr11:100871393-100871294	10.45	fp	1
1-RCCACACCCWD	STREME-1	6.3e-007	chr11:53840086-53839987	10.44	tp	0
1-RCCACACCCWD	STREME-1	6.3e-007	chrX:146984302-146984203	10.39	tp	0
1-RCCACACCCWD	STREME-1	6.3e-007	chr4:118863334-118863235	10.38	tp	0
1-RCCACACCCWD	STREME-1	6.3e-007	chr16:8829889-8829790	10.31	tp	0
1-RCCACACCCWD	STREME-1	6.3e-007	chr7:99891551-99891452	10.30	tp	0
1-RCCACACCCWD	STREME-1	6.3e-007	chr3:60589228-60589129	10.26	tp	0
1-RCCACACCCWD	STREME-1	6.3e-007	chr5:65203405-65203306	10.23	tp	0
1-RCCACACCCWD	STREME-1	6.3e-007	chr16:10384410-10384311	10.23	tp	0
1-RCCACACCCWD	STREME-1	6.3e-007	chr11:94195788-94195689	10.23	tp	0
1-RCCACACCCWD	STREME-1	6.3e-007	chr4:151334750-151334651	10.20	tp	0
1-RCCACACCCWD	STREME-1	6.3e-007	chr11:32169135-32169036	10.20	tp	0
1-RCCACACCCWD	STREME-1	6.3e-007	chr5:73746796-73746697	10.20	tp	0
1-RCCACACCCWD	STREME-1	6.3e-007	chr11:44322587-44322488	10.20	tp	0
1-RCCACACCCWD	STREME-1	6.3e-007	chr19:8994693-8994594	10.11	tp	0
1-RCCACACCCWD	STREME-1	6.3e-007	chr11:32151016-32150917	10.11	tp	1
1-RCCACACCCWD	STREME-1	6.3e-007	chr16:12052339-12052240	10.10	tp	0
1-RCCACACCCWD	STREME-1	6.3e-007	chr4:154285943-154285844	10.09	tp	0
1-RCCACACCCWD	STREME-1	6.3e-007	chr17:26651545-26651446	10.09	fp	0
1-RCCACACCCWD	STREME-1	6.3e-007	chr11:68709893-68709794	10.09	tp	0
1-RCCACACCCWD	STREME-1	6.3e-007	chr5:107138757-107138658	10.05	tp	0
1-RCCACACCCWD	STREME-1	6.3e-007	chr4:128287520-128287421	9.97	fp	0
1-RCCACACCCWD	STREME-1	6.3e-007	chr9:98390141-98390042	9.97	tp	0
1-RCCACACCCWD	STREME-1	6.3e-007	chr14:70866165-70866066	9.97	tp	0
1-RCCACACCCWD	STREME-1	6.3e-007	chr4:118862579-118862480	9.94	tp	0
1-RCCACACCCWD	STREME-1	6.3e-007	chr5:144322536-144322437	9.91	tp	0
1-RCCACACCCWD	STREME-1	6.3e-007	chr19:5841745-5841646	9.91	tp	0
1-RCCACACCCWD	STREME-1	6.3e-007	chr14:69940025-69939926	9.85	tp	0
1-RCCACACCCWD	STREME-1	6.3e-007	chr4:134960960-134960861	9.85	tp	1
1-RCCACACCCWD	STREME-1	6.3e-007	chr9:42910136-42910037	9.79	tp	0
#
2-ACWGATAAS	STREME-2	5.7e-003	chr4:154285943-154285844	13.22	tp	0
2-ACWGATAAS	STREME-2	5.7e-003	chr11:69760001-69759902	13.22	tp	0
2-ACWGATAAS	STREME-2	5.7e-003	chr5:143814527-143814428	13.22	tp	0
2-ACWGATAAS	STREME-2	5.7e-003	chr4:32950005-32949906	13.22	tp	0
2-ACWGATAAS	STREME-2	5.7e-003	chr11:32193632-32193533	13.19	tp	0
2-ACWGATAAS	STREME-2	5.7e-003	chr1:157123971-157123872	13.19	tp	0
2-ACWGATAAS	STREME-2	5.7e-003	chr3:116562319-116562220	13.19	tp	0
2-ACWGATAAS	STREME-2	5.7e-003	chr17:29067381-29067282	13.19	tp	0
2-ACWGATAAS	STREME-2	5.7e-003	chr4:128533091-128532992	13.16	tp	0
2-ACWGATAAS	STREME-2	5.7e-003	chr8:24254994-24254895	13.16	tp	0
2-ACWGATAAS	STREME-2	5.7e-003	chr11:96809435-96809336	13.13	tp	0
2-ACWGATAAS	STREME-2	5.7e-003	chr7:56247740-56247641	13.13	tp	0
2-ACWGATAAS	STREME-2	5.7e-003	chr11:115368038-115367939	13.13	tp	0
2-ACWGATAAS	STREME-2	5.7e-003	chr5:38900828-38900729	13.13	tp	0
2-ACWGATAAS	STREME-2	5.7e-003	chr2:180447244-180447145	13.13	tp	0
2-ACWGATAAS	STREME-2	5.7e-003	chr5:68207117-68207018	12.75	tp	0
2-ACWGATAAS	STREME-2	5.7e-003	chr8:74937908-74937809	12.69	tp	0
2-ACWGATAAS	STREME-2	5.7e-003	chr1:169314406-169314307	12.69	fp	0
2-ACWGATAAS	STREME-2	5.7e-003	chr9:21940247-21940148	12.32	tp	0
2-ACWGATAAS	STREME-2	5.7e-003	chr5:105994945-105994846	12.29	tp	0
2-ACWGATAAS	STREME-2	5.7e-003	chr3:84162751-84162652	12.29	tp	0
2-ACWGATAAS	STREME-2	5.7e-003	chr7:128112855-128112756	12.29	tp	0
2-ACWGATAAS	STREME-2	5.7e-003	chr11:74652245-74652146	12.13	tp	0
2-ACWGATAAS	STREME-2	5.7e-003	chr15:82060381-82060282	12.10	tp	0
2-ACWGATAAS	STREME-2	5.7e-003	chr2:120881846-120881747	12.10	tp	0
2-ACWGATAAS	STREME-2	5.7e-003	chr17:29575482-29575383	12.10	tp	0
2-ACWGATAAS	STREME-2	5.7e-003	chr12:35474288-35474189	12.10	tp	0
2-ACWGATAAS	STREME-2	5.7e-003	chr7:151918012-151917913	12.10	fp	0
2-ACWGATAAS	STREME-2	5.7e-003	chr12:35474288-35474189	12.10	fp	0
2-ACWGATAAS	STREME-2	5.7e-003	chr6:34857494-34857395	12.10	tp	1
2-ACWGATAAS	STREME-2	5.7e-003	chr13:25281781-25281682	11.85	tp	0
2-ACWGATAAS	STREME-2	5.7e-003	chr9:57618792-57618693	11.67	tp	0
2-ACWGATAAS	STREME-2	5.7e-003	chr8:71137337-71137238	11.67	tp	0
2-ACWGATAAS	STREME-2	5.7e-003	chr2:25869294-25869195	11.67	fp	0
2-ACWGATAAS	STREME-2	5.7e-003	chr3:107899764-107899665	11.67	fp	0
2-ACWGATAAS	STREME-2	5.7e-003	chr14:70866165-70866066	11.66	tp	0
2-ACWGATAAS	STREME-2	5.7e-003	chr11:74652245-74652146	11.66	fp	0
2-ACWGATAAS	STREME-2	5.7e-003	chr5:144579942-144579843	11.65	tp	0
2-ACWGATAAS	STREME-2	5.7e-003	chr17:5112255-5112156	11.65	tp	1
2-ACWGATAAS	STREME-2	5.7e-003	chr13:59915797-59915698	11.61	tp	0
2-ACWGATAAS	STREME-2	5.7e-003	chr6:38874224-38874125	11.61	tp	0
2-ACWGATAAS	STREME-2	5.7e-003	chr13:104819781-104819682	11.61	tp	0
2-ACWGATAAS	STREME-2	5.7e-003	chr19:44460503-44460404	11.61	tp	0
2-ACWGATAAS	STREME-2	5.7e-003	chr4:44262627-44262528	11.55	tp	0
2-ACWGATAAS	STREME-2	5.7e-003	chr19:55941780-55941681	11.55	tp	0
2-ACWGATAAS	STREME-2	5.7e-003	chr5:37127373-37127274	11.55	tp	0
2-ACWGATAAS	STREME-2	5.7e-003	chr4:118723729-118723630	11.55	tp	0
2-ACWGATAAS	STREME-2	5.7e-003	chr7:151918012-151917913	11.55	tp	0
2-ACWGATAAS	STREME-2	5.7e-003	chr11:57768024-57767925	11.55	tp	0
2-ACWGATAAS	STREME-2	5.7e-003	chr2:37405245-37405146	11.49	tp	0
2-ACWGATAAS	STREME-2	5.7e-003	chr9:114376100-114376001	11.49	tp	0
2-ACWGATAAS	STREME-2	5.7e-003	chr7:111007728-111007629	11.49	tp	0
2-ACWGATAAS	STREME-2	5.7e-003	chr11:94859057-94858958	11.49	tp	0
2-ACWGATAAS	STREME-2	5.7e-003	chr2:103324506-103324407	11.49	fp	0
2-ACWGATAAS	STREME-2	5.7e-003	chr17:84136190-84136091	11.49	fp	0
2-ACWGATAAS	STREME-2	5.7e-003	chr1:77295320-77295221	11.49	tp	1
2-ACWGATAAS	STREME-2	5.7e-003	chr4:43977309-43977210	11.28	tp	0
2-ACWGATAAS	STREME-2	5.7e-003	chr15:83253222-83253123	11.28	tp	0
2-ACWGATAAS	STREME-2	5.7e-003	chr7:28233909-28233810	11.28	fp	0
2-ACWGATAAS	STREME-2	5.7e-003	chr12:113882550-113882451	11.28	fp	0
2-ACWGATAAS	STREME-2	5.7e-003	chr1:175901765-175901666	11.25	fp	0
2-ACWGATAAS	STREME-2	5.7e-003	chr1:82634122-82634023	11.25	tp	0
2-ACWGATAAS	STREME-2	5.7e-003	chr10:40726622-40726523	11.25	tp	0
2-ACWGATAAS	STREME-2	5.7e-003	chr7:135432587-135432488	11.25	tp	0
2-ACWGATAAS	STREME-2	5.7e-003	chr3:100351538-100351439	11.22	tp	0
2-ACWGATAAS	STREME-2	5.7e-003	chr11:68709893-68709794	11.22	tp	0
2-ACWGATAAS	STREME-2	5.7e-003	chr8:83024291-83024192	11.22	tp	0
2-ACWGATAAS	STREME-2	5.7e-003	chr16:8687007-8686908	11.22	tp	0
2-ACWGATAAS	STREME-2	5.7e-003	chr7:148957011-148956912	11.22	fp	0
2-ACWGATAAS	STREME-2	5.7e-003	chr13:59915797-59915698	11.22	fp	0
2-ACWGATAAS	STREME-2	5.7e-003	chr9:108243278-108243179	11.20	tp	0
2-ACWGATAAS	STREME-2	5.7e-003	chr13:73581047-73580948	11.20	tp	0
2-ACWGATAAS	STREME-2	5.7e-003	chr15:96173510-96173411	11.20	tp	0
2-ACWGATAAS	STREME-2	5.7e-003	chr18:32702221-32702122	11.19	tp	0
2-ACWGATAAS	STREME-2	5.7e-003	chr18:61379939-61379840	11.19	tp	0
2-ACWGATAAS	STREME-2	5.7e-003	chr5:27985258-27985159	11.19	tp	0
2-ACWGATAAS	STREME-2	5.7e-003	chr7:19832405-19832306	11.19	tp	0
2-ACWGATAAS	STREME-2	5.7e-003	chr4:111174161-111174062	11.19	tp	0
2-ACWGATAAS	STREME-2	5.7e-003	chr9:59598384-59598285	11.19	fp	0
2-ACWGATAAS	STREME-2	5.7e-003	chr11:90524530-90524431	11.16	tp	0
2-ACWGATAAS	STREME-2	5.7e-003	chr1:136638680-136638581	11.15	tp	0
2-ACWGATAAS	STREME-2	5.7e-003	chr4:41334957-41334858	11.15	tp	0
2-ACWGATAAS	STREME-2	5.7e-003	chr8:107486255-107486156	11.15	tp	0
2-ACWGATAAS	STREME-2	5.7e-003	chr9:31060130-31060031	11.15	tp	0
2-ACWGATAAS	STREME-2	5.7e-003	chr3:102933442-102933343	11.15	tp	0
2-ACWGATAAS	STREME-2	5.7e-003	chr5:139858300-139858201	11.15	tp	0
2-ACWGATAAS	STREME-2	5.7e-003	chr4:62177751-62177652	11.15	tp	0
2-ACWGATAAS	STREME-2	5.7e-003	chr10:20961708-20961609	11.15	tp	0
2-ACWGATAAS	STREME-2	5.7e-003	chr18:62120356-62120257	11.14	tp	0
2-ACWGATAAS	STREME-2	5.7e-003	chr15:91082614-91082515	11.09	tp	0
2-ACWGATAAS	STREME-2	5.7e-003	chr17:87913276-87913177	11.09	tp	0
2-ACWGATAAS	STREME-2	5.7e-003	chr14:69922986-69922887	11.09	tp	0
2-ACWGATAAS	STREME-2	5.7e-003	chr15:38999368-38999269	11.09	tp	0
2-ACWGATAAS	STREME-2	5.7e-003	chr10:41004009-41003910	11.09	fp	0
2-ACWGATAAS	STREME-2	5.7e-003	chr7:103853990-103853891	11.09	fp	0
2-ACWGATAAS	STREME-2	5.7e-003	chr9:66764104-66764005	11.08	tp	0
2-ACWGATAAS	STREME-2	5.7e-003	chr2:157978535-157978436	11.08	fp	0
2-ACWGATAAS	STREME-2	5.7e-003	chr18:57137586-57137487	11.02	tp	0
2-ACWGATAAS	STREME-2	5.7e-003	chr5:121049816-121049717	11.02	fp	0
2-ACWGATAAS	STREME-2	5.7e-003	chr10:111262009-111261910	10.86	tp	0
2-ACWGATAAS	STREME-2	5.7e-003	chr12:102194481-102194382	10.82	tp	0
2-ACWGATAAS	STREME-2	5.7e-003	chr16:91804687-91804588	10.82	tp	0
2-ACWGATAAS	STREME-2	5.7e-003	chr11:44322587-44322488	10.81	tp	0
2-ACWGATAAS	STREME-2	5.7e-003	chr7:111019346-111019247	10.77	tp	0
2-ACWGATAAS	STREME-2	5.7e-003	chr8:107824056-107823957	10.76	tp	0
2-ACWGATAAS	STREME-2	5.7e-003	chr8:73367484-73367385	10.76	tp	0
2-ACWGATAAS	STREME-2	5.7e-003	chr11:69793483-69793384	10.76	tp	0
2-ACWGATAAS	STREME-2	5.7e-003	chr5:105994945-105994846	10.76	fp	0
2-ACWGATAAS	STREME-2	5.7e-003	chr13:104969683-104969584	10.66	tp	0
2-ACWGATAAS	STREME-2	5.7e-003	chr3:51034299-51034200	10.63	tp	0
2-ACWGATAAS	STREME-2	5.7e-003	chr18:85054517-85054418	10.63	tp	0
2-ACWGATAAS	STREME-2	5.7e-003	chr10:41632289-41632190	10.63	tp	0
2-ACWGATAAS	STREME-2	5.7e-003	chr7:26005055-26004956	10.63	fp	0
2-ACWGATAAS	STREME-2	5.7e-003	chr6:83115744-83115645	10.62	tp	0
2-ACWGATAAS	STREME-2	5.7e-003	chr2:72859149-72859050	10.58	fp	0
2-ACWGATAAS	STREME-2	5.7e-003	chr19:56466161-56466062	10.58	fp	0
2-ACWGATAAS	STREME-2	5.7e-003	chr5:121049816-121049717	10.57	tp	0
2-ACWGATAAS	STREME-2	5.7e-003	chr16:91353112-91353013	10.57	tp	0
2-ACWGATAAS	STREME-2	5.7e-003	chr13:112447180-112447081	10.57	tp	0
2-ACWGATAAS	STREME-2	5.7e-003	chr11:97307428-97307329	10.57	tp	0
2-ACWGATAAS	STREME-2	5.7e-003	chr12:70884745-70884646	10.57	tp	0
2-ACWGATAAS	STREME-2	5.7e-003	chr8:126512698-126512599	10.57	tp	0
2-ACWGATAAS	STREME-2	5.7e-003	chr7:138568613-138568514	10.57	tp	0
2-ACWGATAAS	STREME-2	5.7e-003	chr11:87539792-87539693	10.57	tp	0
2-ACWGATAAS	STREME-2	5.7e-003	chr7:138568613-138568514	10.57	fp	0
2-ACWGATAAS	STREME-2	5.7e-003	chr4:129974483-129974384	10.57	fp	1
2-ACWGATAAS	STREME-2	5.7e-003	chr13:74873392-74873293	10.46	tp	0
2-ACWGATAAS	STREME-2	5.7e-003	chr4:124283611-124283512	10.46	tp	0
2-ACWGATAAS	STREME-2	5.7e-003	chr15:56455262-56455163	10.46	tp	0
2-ACWGATAAS	STREME-2	5.7e-003	chr1:183078913-183078814	10.46	tp	0
2-ACWGATAAS	STREME-2	5.7e-003	chr11:117642258-117642159	10.46	fp	0
2-ACWGATAAS	STREME-2	5.7e-003	chr13:96735231-96735132	10.46	fp	0
2-ACWGATAAS	STREME-2	5.7e-003	chr11:116481630-116481531	10.46	tp	1
2-ACWGATAAS	STREME-2	5.7e-003	chr7:19832405-19832306	10.38	fp	0
2-ACWGATAAS	STREME-2	5.7e-003	chr1:59010821-59010722	10.38	fp	1
2-ACWGATAAS	STREME-2	5.7e-003	chr11:86477146-86477047	10.36	tp	0
2-ACWGATAAS	STREME-2	5.7e-003	chr18:54151349-54151250	10.35	tp	0
2-ACWGATAAS	STREME-2	5.7e-003	chr5:65203405-65203306	10.32	tp	0
2-ACWGATAAS	STREME-2	5.7e-003	chr19:24354245-24354146	10.32	tp	0
2-ACWGATAAS	STREME-2	5.7e-003	chr19:24354245-24354146	10.32	fp	0
2-ACWGATAAS	STREME-2	5.7e-003	chr19:7626613-7626514	10.19	tp	0
2-ACWGATAAS	STREME-2	5.7e-003	chr2:84652231-84652132	10.19	tp	0
2-ACWGATAAS	STREME-2	5.7e-003	chr15:36250877-36250778	10.19	fp	0
2-ACWGATAAS	STREME-2	5.7e-003	chr19:44460503-44460404	10.19	fp	0
2-ACWGATAAS	STREME-2	5.7e-003	chr2:52304446-52304347	10.17	fp	0
2-ACWGATAAS	STREME-2	5.7e-003	chr19:5846097-5845998	10.17	tp	0
2-ACWGATAAS	STREME-2	5.7e-003	chr4:129974483-129974384	10.16	tp	0
2-ACWGATAAS	STREME-2	5.7e-003	chr5:34915965-34915866	10.16	tp	0
2-ACWGATAAS	STREME-2	5.7e-003	chr11:117642258-117642159	10.16	tp	0
2-ACWGATAAS	STREME-2	5.7e-003	chr16:8655869-8655770	10.16	tp	0
2-ACWGATAAS	STREME-2	5.7e-003	chr4:122964163-122964064	10.16	fp	0
2-ACWGATAAS	STREME-2	5.7e-003	chr16:8655869-8655770	10.16	fp	0
2-ACWGATAAS	STREME-2	5.7e-003	chr9:42910136-42910037	10.15	fp	0
2-ACWGATAAS	STREME-2	5.7e-003	chr17:28946238-28946139	10.13	tp	0
2-ACWGATAAS	STREME-2	5.7e-003	chr5:140488327-140488228	10.13	fp	0
2-ACWGATAAS	STREME-2	5.7e-003	chr14:119195510-119195411	10.11	tp	0
2-ACWGATAAS	STREME-2	5.7e-003	chr16:30565872-30565773	10.11	tp	0
2-ACWGATAAS	STREME-2	5.7e-003	chr11:101177006-101176907	10.11	tp	0
2-ACWGATAAS	STREME-2	5.7e-003	chr3:79383868-79383769	10.11	tp	0
2-ACWGATAAS	STREME-2	5.7e-003	chr16:34031820-34031721	10.11	tp	0
2-ACWGATAAS	STREME-2	5.7e-003	chr5:140280303-140280204	10.11	fp	0
2-ACWGATAAS	STREME-2	5.7e-003	chr17:25039817-25039718	10.11	tp	0
2-ACWGATAAS	STREME-2	5.7e-003	chr3:19087505-19087406	10.11	tp	0
2-ACWGATAAS	STREME-2	5.7e-003	chr3:51492656-51492557	10.11	tp	0
2-ACWGATAAS	STREME-2	5.7e-003	chr12:82044556-82044457	10.09	tp	0
2-ACWGATAAS	STREME-2	5.7e-003	chr7:111007728-111007629	10.09	fp	1
2-ACWGATAAS	STREME-2	5.7e-003	chr4:118862579-118862480	10.06	tp	0
2-ACWGATAAS	STREME-2	5.7e-003	chr7:25940584-25940485	10.06	tp	0
2-ACWGATAAS	STREME-2	5.7e-003	chr9:66351909-66351810	10.06	tp	0
2-ACWGATAAS	STREME-2	5.7e-003	chr10:116195643-116195544	10.06	fp	0
2-ACWGATAAS	STREME-2	5.7e-003	chr2:172174017-172173918	10.06	tp	0
2-ACWGATAAS	STREME-2	5.7e-003	chr13:96735231-96735132	10.06	tp	0
2-ACWGATAAS	STREME-2	5.7e-003	chr5:140280303-140280204	10.06	tp	0
2-ACWGATAAS	STREME-2	5.7e-003	chr16:32449929-32449830	10.06	fp	0
2-ACWGATAAS	STREME-2	5.7e-003	chr8:126512698-126512599	10.06	fp	0
2-ACWGATAAS	STREME-2	5.7e-003	chr9:107997474-107997375	10.06	fp	0
2-ACWGATAAS	STREME-2	5.7e-003	chr12:41846374-41846275	10.06	tp	1
2-ACWGATAAS	STREME-2	5.7e-003	chr2:157978535-157978436	10.05	tp	0
2-ACWGATAAS	STREME-2	5.7e-003	chr15:81700565-81700466	10.05	fp	0
2-ACWGATAAS	STREME-2	5.7e-003	chr8:19995728-19995629	10.05	fp	0
2-ACWGATAAS	STREME-2	5.7e-003	chr15:81700565-81700466	10.01	tp	0
2-ACWGATAAS	STREME-2	5.7e-003	chr7:148354772-148354673	9.97	fp	0
2-ACWGATAAS	STREME-2	5.7e-003	chr13:73612923-73612824	9.95	tp	0
2-ACWGATAAS	STREME-2	5.7e-003	chr14:32982186-32982087	9.95	tp	0
2-ACWGATAAS	STREME-2	5.7e-003	chr9:65063683-65063584	9.95	tp	0
2-ACWGATAAS	STREME-2	5.7e-003	chr16:32510078-32509979	9.85	tp	0
2-ACWGATAAS	STREME-2	5.7e-003	chr4:33074078-33073979	9.85	fp	0
2-ACWGATAAS	STREME-2	5.7e-003	chr10:20961708-20961609	9.85	fp	0
2-ACWGATAAS	STREME-2	5.7e-003	chr9:42938466-42938367	9.80	tp	0
2-ACWGATAAS	STREME-2	5.7e-003	chr2:24832539-24832440	9.78	fp	1
2-ACWGATAAS	STREME-2	5.7e-003	chr4:44084887-44084788	9.73	tp	0
2-ACWGATAAS	STREME-2	5.7e-003	chr10:126640270-126640171	9.73	tp	0
2-ACWGATAAS	STREME-2	5.7e-003	chr6:132413756-132413657	9.73	fp	0
2-ACWGATAAS	STREME-2	5.7e-003	chr8:97964168-97964069	9.73	fp	0
2-ACWGATAAS	STREME-2	5.7e-003	chr2:103798032-103797933	9.73	tp	0
2-ACWGATAAS	STREME-2	5.7e-003	chr16:49777198-49777099	9.73	tp	0
2-ACWGATAAS	STREME-2	5.7e-003	chr9:7790619-7790520	9.71	fp	0
2-ACWGATAAS	STREME-2	5.7e-003	chr2:152650739-152650640	9.71	tp	0
2-ACWGATAAS	STREME-2	5.7e-003	chr13:35887879-35887780	9.65	tp	0
2-ACWGATAAS	STREME-2	5.7e-003	chr5:97380846-97380747	9.65	fp	0
2-ACWGATAAS	STREME-2	5.7e-003	chr19:53260135-53260036	9.65	fp	0
2-ACWGATAAS	STREME-2	5.7e-003	chr7:20322184-20322085	9.64	tp	0
2-ACWGATAAS	STREME-2	5.7e-003	chr11:50038436-50038337	9.64	tp	0
2-ACWGATAAS	STREME-2	5.7e-003	chr4:109112739-109112640	9.64	tp	0
2-ACWGATAAS	STREME-2	5.7e-003	chr19:11699965-11699866	9.64	tp	0
2-ACWGATAAS	STREME-2	5.7e-003	chr10:127624508-127624409	9.58	tp	0
2-ACWGATAAS	STREME-2	5.7e-003	chr16:10384410-10384311	9.58	tp	0
2-ACWGATAAS	STREME-2	5.7e-003	chr13:76003397-76003298	9.58	tp	0
2-ACWGATAAS	STREME-2	5.7e-003	chr4:118241465-118241366	9.58	tp	0
2-ACWGATAAS	STREME-2	5.7e-003	chr4:128725067-128724968	9.58	fp	0
2-ACWGATAAS	STREME-2	5.7e-003	chr4:8631853-8631754	9.58	tp	1
2-ACWGATAAS	STREME-2	5.7e-003	chr9:44096684-44096585	9.58	tp	1
2-ACWGATAAS	STREME-2	5.7e-003	chr11:69186839-69186740	9.58	fp	1
2-ACWGATAAS	STREME-2	5.7e-003	chr9:114376100-114376001	9.58	fp	1
2-ACWGATAAS	STREME-2	5.7e-003	chr16:44265852-44265753	9.58	fp	0
2-ACWGATAAS	STREME-2	5.7e-003	chr13:114649329-114649230	9.58	fp	0
2-ACWGATAAS	STREME-2	5.7e-003	chr5:123643586-123643487	9.54	tp	0
2-ACWGATAAS	STREME-2	5.7e-003	chr3:96232974-96232875	9.54	tp	0
2-ACWGATAAS	STREME-2	5.7e-003	chr7:106135636-106135537	9.54	tp	0
2-ACWGATAAS	STREME-2	5.7e-003	chr3:145253690-145253591	9.54	tp	0
2-ACWGATAAS	STREME-2	5.7e-003	chr4:46419977-46419878	9.52	tp	0
2-ACWGATAAS	STREME-2	5.7e-003	chr7:134369300-134369201	9.52	tp	0
2-ACWGATAAS	STREME-2	5.7e-003	chr7:106743079-106742980	9.52	tp	0
2-ACWGATAAS	STREME-2	5.7e-003	chr6:146179149-146179050	9.52	tp	0
2-ACWGATAAS	STREME-2	5.7e-003	chr3:104477693-104477594	9.52	tp	0
2-ACWGATAAS	STREME-2	5.7e-003	chr19:55941780-55941681	9.52	fp	0
2-ACWGATAAS	STREME-2	5.7e-003	chr7:139930593-139930494	9.52	tp	1
2-ACWGATAAS	STREME-2	5.7e-003	chr15:36250877-36250778	9.52	tp	1
2-ACWGATAAS	STREME-2	5.7e-003	chr4:128725067-128724968	9.49	tp	0
2-ACWGATAAS	STREME-2	5.7e-003	chr2:103798032-103797933	9.49	fp	0
2-ACWGATAAS	STREME-2	5.7e-003	chr8:83025348-83025249	9.36	tp	0
2-ACWGATAAS	STREME-2	5.7e-003	chr9:90156971-90156872	9.36	tp	0
2-ACWGATAAS	STREME-2	5.7e-003	chr13:110473332-110473233	9.36	fp	0
2-ACWGATAAS	STREME-2	5.7e-003	chr3:96232974-96232875	9.36	fp	0
2-ACWGATAAS	STREME-2	5.7e-003	chr11:87563693-87563594	9.30	tp	0
2-ACWGATAAS	STREME-2	5.7e-003	chr9:42910136-42910037	9.30	tp	0
2-ACWGATAAS	STREME-2	5.7e-003	chr5:28369333-28369234	9.30	tp	0
2-ACWGATAAS	STREME-2	5.7e-003	chr5:140488327-140488228	9.29	tp	0
2-ACWGATAAS	STREME-2	5.7e-003	chr10:57527783-57527684	9.29	tp	0
2-ACWGATAAS	STREME-2	5.7e-003	chr6:86027970-86027871	9.29	tp	0
2-ACWGATAAS	STREME-2	5.7e-003	chr6:132413756-132413657	9.29	tp	0
2-ACWGATAAS	STREME-2	5.7e-003	chr17:25003310-25003211	9.28	fp	0
2-ACWGATAAS	STREME-2	5.7e-003	chr15:27299545-27299446	9.28	fp	0
2-ACWGATAAS	STREME-2	5.7e-003	chr7:148957011-148956912	9.23	tp	0
2-ACWGATAAS	STREME-2	5.7e-003	chr2:132521579-132521480	9.23	tp	1
2-ACWGATAAS	STREME-2	5.7e-003	chr1:169314406-169314307	9.22	tp	0
2-ACWGATAAS	STREME-2	5.7e-003	chr2:24832539-24832440	9.08	tp	0
2-ACWGATAAS	STREME-2	5.7e-003	chr12:102194481-102194382	9.06	fp	1
2-ACWGATAAS	STREME-2	5.7e-003	chr5:104484054-104483955	9.03	tp	0
2-ACWGATAAS	STREME-2	5.7e-003	chr15:58828618-58828519	9.03	tp	1
2-ACWGATAAS	STREME-2	5.7e-003	chr11:86427674-86427575	9.01	tp	0
2-ACWGATAAS	STREME-2	5.7e-003	chr19:55358679-55358580	9.00	tp	0
2-ACWGATAAS	STREME-2	5.7e-003	chr5:65202791-65202692	9.00	fp	0
2-ACWGATAAS	STREME-2	5.7e-003	chr9:66351909-66351810	9.00	fp	0
2-ACWGATAAS	STREME-2	5.7e-003	chr1:82634122-82634023	9.00	fp	0
2-ACWGATAAS	STREME-2	5.7e-003	chr11:32151016-32150917	9.00	tp	1
2-ACWGATAAS	STREME-2	5.7e-003	chr2:25869294-25869195	9.00	tp	1
2-ACWGATAAS	STREME-2	5.7e-003	chr14:55043596-55043497	8.94	tp	0
2-ACWGATAAS	STREME-2	5.7e-003	chr7:104332686-104332587	8.94	tp	0
2-ACWGATAAS	STREME-2	5.7e-003	chr1:173211150-173211051	8.94	tp	0
2-ACWGATAAS	STREME-2	5.7e-003	chr19:55940402-55940303	8.94	tp	0
2-ACWGATAAS	STREME-2	5.7e-003	chr9:75406767-75406668	8.94	tp	0
2-ACWGATAAS	STREME-2	5.7e-003	chr14:21479293-21479194	8.94	fp	0
2-ACWGATAAS	STREME-2	5.7e-003	chr13:25281781-25281682	8.94	fp	0
2-ACWGATAAS	STREME-2	5.7e-003	chr13:94151384-94151285	8.94	fp	0
2-ACWGATAAS	STREME-2	5.7e-003	chr3:60623694-60623595	8.94	tp	1
2-ACWGATAAS	STREME-2	5.7e-003	chr2:31940923-31940824	8.92	tp	0
2-ACWGATAAS	STREME-2	5.7e-003	chr4:117601364-117601265	8.92	tp	0
2-ACWGATAAS	STREME-2	5.7e-003	chr17:33229301-33229202	8.91	tp	0
2-ACWGATAAS	STREME-2	5.7e-003	chr11:96817528-96817429	8.91	tp	0
2-ACWGATAAS	STREME-2	5.7e-003	chr19:5896686-5896587	8.88	tp	0
2-ACWGATAAS	STREME-2	5.7e-003	chr11:89088121-89088022	8.88	tp	0
2-ACWGATAAS	STREME-2	5.7e-003	chr17:29067381-29067282	8.85	fp	1
2-ACWGATAAS	STREME-2	5.7e-003	chr8:87494948-87494849	8.82	tp	0
2-ACWGATAAS	STREME-2	5.7e-003	chr5:45951763-45951664	8.82	tp	0
2-ACWGATAAS	STREME-2	5.7e-003	chr7:28233909-28233810	8.82	tp	0
2-ACWGATAAS	STREME-2	5.7e-003	chr12:27136142-27136043	8.82	tp	0
2-ACWGATAAS	STREME-2	5.7e-003	chr8:122895707-122895608	8.82	tp	0
2-ACWGATAAS	STREME-2	5.7e-003	chr11:80598116-80598017	8.82	fp	0
2-ACWGATAAS	STREME-2	5.7e-003	chr4:155336183-155336084	8.82	fp	0
2-ACWGATAAS	STREME-2	5.7e-003	chr13:98513510-98513411	8.82	fp	1
2-ACWGATAAS	STREME-2	5.7e-003	chr4:135179413-135179314	8.81	tp	1
2-ACWGATAAS	STREME-2	5.7e-003	chr9:34861185-34861086	8.74	tp	0
2-ACWGATAAS	STREME-2	5.7e-003	chr6:38866691-38866592	8.74	tp	0
2-ACWGATAAS	STREME-2	5.7e-003	chr1:133344081-133343982	8.74	tp	0
2-ACWGATAAS	STREME-2	5.7e-003	chr12:70860659-70860560	8.74	fp	0
2-ACWGATAAS	STREME-2	5.7e-003	chr13:110473332-110473233	8.71	tp	0
2-ACWGATAAS	STREME-2	5.7e-003	chr2:103324506-103324407	8.65	tp	0
2-ACWGATAAS	STREME-2	5.7e-003	chr9:121335771-121335672	8.65	tp	0
2-ACWGATAAS	STREME-2	5.7e-003	chr17:24340000-24339901	8.65	tp	0
2-ACWGATAAS	STREME-2	5.7e-003	chr12:114390858-114390759	8.64	fp	0
2-ACWGATAAS	STREME-2	5.7e-003	chr6:41654351-41654252	8.62	tp	0
2-ACWGATAAS	STREME-2	5.7e-003	chr9:65063683-65063584	8.62	fp	0
2-ACWGATAAS	STREME-2	5.7e-003	chr16:44265852-44265753	8.57	tp	0
2-ACWGATAAS	STREME-2	5.7e-003	chr9:107206916-107206817	8.57	tp	0
2-ACWGATAAS	STREME-2	5.7e-003	chr4:151334750-151334651	8.57	tp	0
2-ACWGATAAS	STREME-2	5.7e-003	chr6:41654351-41654252	8.57	fp	0
2-ACWGATAAS	STREME-2	5.7e-003	chr11:84637191-84637092	8.55	tp	0
2-ACWGATAAS	STREME-2	5.7e-003	chr15:66969275-66969176	8.55	tp	0
2-ACWGATAAS	STREME-2	5.7e-003	chr17:47735204-47735105	8.55	tp	0
2-ACWGATAAS	STREME-2	5.7e-003	chr17:84136190-84136091	8.55	tp	0
2-ACWGATAAS	STREME-2	5.7e-003	chr13:100518206-100518107	8.55	fp	0
2-ACWGATAAS	STREME-2	5.7e-003	chr7:139915631-139915532	8.55	fp	0
2-ACWGATAAS	STREME-2	5.7e-003	chr11:61771184-61771085	8.55	fp	0
2-ACWGATAAS	STREME-2	5.7e-003	chr19:5727087-5726988	8.55	tp	0
2-ACWGATAAS	STREME-2	5.7e-003	chr11:101177006-101176907	8.55	fp	0
2-ACWGATAAS	STREME-2	5.7e-003	chrX:146984302-146984203	8.52	tp	0
2-ACWGATAAS	STREME-2	5.7e-003	chr13:94151384-94151285	8.52	tp	0
2-ACWGATAAS	STREME-2	5.7e-003	chr14:71023864-71023765	8.52	tp	0
2-ACWGATAAS	STREME-2	5.7e-003	chr5:97380846-97380747	8.52	tp	1
2-ACWGATAAS	STREME-2	5.7e-003	chr13:94158659-94158560	8.49	fp	0
2-ACWGATAAS	STREME-2	5.7e-003	chr2:150491721-150491622	8.48	tp	0
2-ACWGATAAS	STREME-2	5.7e-003	chr9:24715243-24715144	8.48	fp	0
2-ACWGATAAS	STREME-2	5.7e-003	chr3:144333173-144333074	8.46	tp	1
2-ACWGATAAS	STREME-2	5.7e-003	chr3:151814655-151814556	8.41	tp	0
2-ACWGATAAS	STREME-2	5.7e-003	chr3:30812041-30811942	8.41	tp	0
2-ACWGATAAS	STREME-2	5.7e-003	chr10:30483136-30483037	8.41	tp	1
2-ACWGATAAS	STREME-2	5.7e-003	chr4:9588276-9588177	8.38	tp	0
2-ACWGATAAS	STREME-2	5.7e-003	chr11:95195242-95195143	8.33	tp	0
2-ACWGATAAS	STREME-2	5.7e-003	chr10:25440209-25440110	8.29	fp	0
2-ACWGATAAS	STREME-2	5.7e-003	chr10:112467840-112467741	8.27	tp	0
2-ACWGATAAS	STREME-2	5.7e-003	chr4:122964163-122964064	8.27	tp	0
2-ACWGATAAS	STREME-2	5.7e-003	chr7:128005337-128005238	8.27	tp	0
2-ACWGATAAS	STREME-2	5.7e-003	chr4:151334750-151334651	8.27	fp	0
2-ACWGATAAS	STREME-2	5.7e-003	chr8:125244507-125244408	8.23	tp	0
2-ACWGATAAS	STREME-2	5.7e-003	chr12:71933717-71933618	8.21	tp	0
2-ACWGATAAS	STREME-2	5.7e-003	chr11:96809435-96809336	8.21	fp	0
2-ACWGATAAS	STREME-2	5.7e-003	chr11:94195788-94195689	8.20	tp	0
2-ACWGATAAS	STREME-2	5.7e-003	chr3:151814655-151814556	8.20	fp	0
2-ACWGATAAS	STREME-2	5.7e-003	chr8:96633352-96633253	8.20	tp	1
2-ACWGATAAS	STREME-2	5.7e-003	chr18:62120356-62120257	8.17	fp	0
2-ACWGATAAS	STREME-2	5.7e-003	chr9:107997474-107997375	8.17	tp	0
2-ACWGATAAS	STREME-2	5.7e-003	chr14:41760772-41760673	8.17	tp	0
2-ACWGATAAS	STREME-2	5.7e-003	chr15:62052772-62052673	8.17	tp	0
2-ACWGATAAS	STREME-2	5.7e-003	chr19:55293449-55293350	8.17	tp	1
2-ACWGATAAS	STREME-2	5.7e-003	chr12:113882550-113882451	8.16	tp	0
2-ACWGATAAS	STREME-2	5.7e-003	chr16:32449929-32449830	8.16	tp	1
2-ACWGATAAS	STREME-2	5.7e-003	chr15:83139283-83139184	8.16	tp	1
2-ACWGATAAS	STREME-2	5.7e-003	chr16:92715956-92715857	8.10	tp	0
2-ACWGATAAS	STREME-2	5.7e-003	chr10:41632289-41632190	8.10	fp	0
2-ACWGATAAS	STREME-2	5.7e-003	chr15:38473408-38473309	8.07	tp	0
2-ACWGATAAS	STREME-2	5.7e-003	chr15:73181810-73181711	8.07	fp	0
2-ACWGATAAS	STREME-2	5.7e-003	chr13:3345823-3345724	8.07	tp	1
2-ACWGATAAS	STREME-2	5.7e-003	chr5:33375077-33374978	8.05	tp	0
2-ACWGATAAS	STREME-2	5.7e-003	chr19:24348911-24348812	8.02	tp	0
2-ACWGATAAS	STREME-2	5.7e-003	chr9:21362869-21362770	8.02	tp	0
2-ACWGATAAS	STREME-2	5.7e-003	chr3:84608040-84607941	8.01	tp	0
2-ACWGATAAS	STREME-2	5.7e-003	chr7:87847579-87847480	7.96	tp	0
2-ACWGATAAS	STREME-2	5.7e-003	chr17:26651545-26651446	7.96	tp	0
2-ACWGATAAS	STREME-2	5.7e-003	chr9:98390141-98390042	7.96	tp	0
2-ACWGATAAS	STREME-2	5.7e-003	chr15:34829903-34829804	7.96	tp	0
2-ACWGATAAS	STREME-2	5.7e-003	chr18:61379939-61379840	7.96	fp	0
2-ACWGATAAS	STREME-2	5.7e-003	chr8:3522394-3522295	7.96	fp	0
2-ACWGATAAS	STREME-2	5.7e-003	chr10:59336503-59336404	7.96	fp	0
2-ACWGATAAS	STREME-2	5.7e-003	chr18:60666879-60666780	7.91	fp	0
2-ACWGATAAS	STREME-2	5.7e-003	chr16:8687007-8686908	7.91	fp	0
2-ACWGATAAS	STREME-2	5.7e-003	chr13:56459464-56459365	7.86	tp	0
2-ACWGATAAS	STREME-2	5.7e-003	chr5:138127395-138127296	7.86	tp	0
2-ACWGATAAS	STREME-2	5.7e-003	chr2:78556514-78556415	7.86	tp	0
2-ACWGATAAS	STREME-2	5.7e-003	chr11:115368038-115367939	7.86	fp	0
2-ACWGATAAS	STREME-2	5.7e-003	chr4:135408071-135407972	7.86	tp	1
2-ACWGATAAS	STREME-2	5.7e-003	chr15:75434299-75434200	7.82	tp	0
2-ACWGATAAS	STREME-2	5.7e-003	chr2:167256669-167256570	7.81	tp	0
2-ACWGATAAS	STREME-2	5.7e-003	chr19:24609285-24609186	7.80	tp	0
2-ACWGATAAS	STREME-2	5.7e-003	chr11:30901637-30901538	7.80	tp	0
2-ACWGATAAS	STREME-2	5.7e-003	chr5:118930125-118930026	7.76	tp	0
2-ACWGATAAS	STREME-2	5.7e-003	chr4:132847319-132847220	7.76	tp	0
2-ACWGATAAS	STREME-2	5.7e-003	chr11:107308842-107308743	7.76	tp	0
2-ACWGATAAS	STREME-2	5.7e-003	chr8:87362561-87362462	7.74	tp	0
2-ACWGATAAS	STREME-2	5.7e-003	chr2:167256669-167256570	7.74	fp	0
2-ACWGATAAS	STREME-2	5.7e-003	chr2:156710428-156710329	7.74	fp	1
2-ACWGATAAS	STREME-2	5.7e-003	chr2:103962250-103962151	7.68	fp	0
2-ACWGATAAS	STREME-2	5.7e-003	chr11:69760001-69759902	7.68	fp	0
2-ACWGATAAS	STREME-2	5.7e-003	chr5:17335150-17335051	7.62	tp	0
2-ACWGATAAS	STREME-2	5.7e-003	chr2:118499253-118499154	7.62	tp	0
2-ACWGATAAS	STREME-2	5.7e-003	chr13:100518206-100518107	7.62	tp	0
2-ACWGATAAS	STREME-2	5.7e-003	chr6:124614474-124614375	7.62	tp	0
2-ACWGATAAS	STREME-2	5.7e-003	chr6:57695485-57695386	7.58	tp	0
2-ACWGATAAS	STREME-2	5.7e-003	chr8:85947110-85947011	7.58	tp	0
2-ACWGATAAS	STREME-2	5.7e-003	chr14:20884279-20884180	7.58	tp	0
#
3-CCCCKCCC	STREME-3	3.2e-002	chr9:21069477-21069378	15.01	tp	0
3-CCCCKCCC	STREME-3	3.2e-002	chr7:91033620-91033521	15.01	tp	0
3-CCCCKCCC	STREME-3	3.2e-002	chr7:71081336-71081237	15.01	tp	0
3-CCCCKCCC	STREME-3	3.2e-002	chr7:28320589-28320490	15.01	tp	0
3-CCCCKCCC	STREME-3	3.2e-002	chr15:56455262-56455163	15.01	tp	0
3-CCCCKCCC	STREME-3	3.2e-002	chr17:29067381-29067282	15.01	tp	0
3-CCCCKCCC	STREME-3	3.2e-002	chr9:107198861-107198762	13.34	tp	0
3-CCCCKCCC	STREME-3	3.2e-002	chr11:69714422-69714323	13.34	tp	0
3-CCCCKCCC	STREME-3	3.2e-002	chr4:118863334-118863235	13.34	tp	0
3-CCCCKCCC	STREME-3	3.2e-002	chr13:23643543-23643444	13.34	tp	0
3-CCCCKCCC	STREME-3	3.2e-002	chr5:97380846-97380747	13.34	tp	1
3-CCCCKCCC	STREME-3	3.2e-002	chr1:135696417-135696318	12.85	tp	0
3-CCCCKCCC	STREME-3	3.2e-002	chr6:34428872-34428773	12.85	tp	0
3-CCCCKCCC	STREME-3	3.2e-002	chr7:16507887-16507788	12.85	tp	0
3-CCCCKCCC	STREME-3	3.2e-002	chr2:130961594-130961495	12.85	tp	0
3-CCCCKCCC	STREME-3	3.2e-002	chr17:87913276-87913177	12.85	tp	0
3-CCCCKCCC	STREME-3	3.2e-002	chr11:115626598-115626499	12.85	tp	0
3-CCCCKCCC	STREME-3	3.2e-002	chr5:68207117-68207018	12.85	tp	0
3-CCCCKCCC	STREME-3	3.2e-002	chr15:78243588-78243489	12.85	tp	0
3-CCCCKCCC	STREME-3	3.2e-002	chr2:130961594-130961495	12.85	fp	0
3-CCCCKCCC	STREME-3	3.2e-002	chr4:8631853-8631754	12.85	tp	1
3-CCCCKCCC	STREME-3	3.2e-002	chr7:16685373-16685274	12.85	tp	1
3-CCCCKCCC	STREME-3	3.2e-002	chr10:128184802-128184703	12.29	tp	0
3-CCCCKCCC	STREME-3	3.2e-002	chr11:100871393-100871294	12.19	tp	0
3-CCCCKCCC	STREME-3	3.2e-002	chr1:136638680-136638581	11.92	tp	0
3-CCCCKCCC	STREME-3	3.2e-002	chr15:98860204-98860105	11.92	tp	0
3-CCCCKCCC	STREME-3	3.2e-002	chr5:139673006-139672907	11.92	tp	0
3-CCCCKCCC	STREME-3	3.2e-002	chr4:9588276-9588177	11.92	tp	0
3-CCCCKCCC	STREME-3	3.2e-002	chr11:95666901-95666802	11.92	tp	0
3-CCCCKCCC	STREME-3	3.2e-002	chr11:50038436-50038337	11.92	tp	0
3-CCCCKCCC	STREME-3	3.2e-002	chr12:114386792-114386693	11.92	tp	0
3-CCCCKCCC	STREME-3	3.2e-002	chr5:108943616-108943517	11.92	tp	0
3-CCCCKCCC	STREME-3	3.2e-002	chr11:90548028-90547929	11.92	tp	0
3-CCCCKCCC	STREME-3	3.2e-002	chr11:102236603-102236504	11.92	tp	0
3-CCCCKCCC	STREME-3	3.2e-002	chr2:157978535-157978436	11.92	tp	0
3-CCCCKCCC	STREME-3	3.2e-002	chr6:72223224-72223125	11.92	tp	0
3-CCCCKCCC	STREME-3	3.2e-002	chr9:42938466-42938367	11.92	tp	0
3-CCCCKCCC	STREME-3	3.2e-002	chr7:53193927-53193828	11.92	tp	0
3-CCCCKCCC	STREME-3	3.2e-002	chr7:25940584-25940485	11.92	tp	0
3-CCCCKCCC	STREME-3	3.2e-002	chr5:37127373-37127274	11.92	tp	0
3-CCCCKCCC	STREME-3	3.2e-002	chr5:137731058-137730959	11.92	tp	0
3-CCCCKCCC	STREME-3	3.2e-002	chr7:135432587-135432488	11.92	tp	0
3-CCCCKCCC	STREME-3	3.2e-002	chr7:25940584-25940485	11.92	fp	0
3-CCCCKCCC	STREME-3	3.2e-002	chr18:62325990-62325891	11.92	fp	0
3-CCCCKCCC	STREME-3	3.2e-002	chr6:135115826-135115727	11.92	fp	0
3-CCCCKCCC	STREME-3	3.2e-002	chr12:77866393-77866294	10.83	tp	0
3-CCCCKCCC	STREME-3	3.2e-002	chr14:32982186-32982087	10.83	tp	0
3-CCCCKCCC	STREME-3	3.2e-002	chr13:107890987-107890888	10.83	tp	0
3-CCCCKCCC	STREME-3	3.2e-002	chr14:32982186-32982087	10.83	fp	0
3-CCCCKCCC	STREME-3	3.2e-002	chr11:116481630-116481531	10.83	tp	1
3-CCCCKCCC	STREME-3	3.2e-002	chr4:135179413-135179314	10.83	tp	1
3-CCCCKCCC	STREME-3	3.2e-002	chr7:36133151-36133052	10.40	tp	0
3-CCCCKCCC	STREME-3	3.2e-002	chr1:157319854-157319755	10.40	tp	0
3-CCCCKCCC	STREME-3	3.2e-002	chr17:25716382-25716283	10.40	tp	0
3-CCCCKCCC	STREME-3	3.2e-002	chr4:44084887-44084788	10.40	fp	0
3-CCCCKCCC	STREME-3	3.2e-002	chr8:83025348-83025249	10.36	tp	0
3-CCCCKCCC	STREME-3	3.2e-002	chr19:24609285-24609186	10.36	tp	0
3-CCCCKCCC	STREME-3	3.2e-002	chr7:128005337-128005238	10.36	tp	0
3-CCCCKCCC	STREME-3	3.2e-002	chr16:34031820-34031721	10.36	fp	0
3-CCCCKCCC	STREME-3	3.2e-002	chr8:126512698-126512599	10.36	fp	0
3-CCCCKCCC	STREME-3	3.2e-002	chr4:41334957-41334858	10.26	tp	0
3-CCCCKCCC	STREME-3	3.2e-002	chr7:38970573-38970474	10.26	tp	0
3-CCCCKCCC	STREME-3	3.2e-002	chr12:3795637-3795538	10.26	tp	0
3-CCCCKCCC	STREME-3	3.2e-002	chr9:65063683-65063584	10.26	tp	0
3-CCCCKCCC	STREME-3	3.2e-002	chr14:69922986-69922887	10.26	tp	0
3-CCCCKCCC	STREME-3	3.2e-002	chr4:141308192-141308093	10.26	tp	0
3-CCCCKCCC	STREME-3	3.2e-002	chr6:135115826-135115727	10.26	tp	0
3-CCCCKCCC	STREME-3	3.2e-002	chr13:76003397-76003298	10.26	tp	0
3-CCCCKCCC	STREME-3	3.2e-002	chr16:8829889-8829790	10.26	fp	0
3-CCCCKCCC	STREME-3	3.2e-002	chr18:65375200-65375101	10.26	fp	0
3-CCCCKCCC	STREME-3	3.2e-002	chr11:95195242-95195143	10.26	fp	0
3-CCCCKCCC	STREME-3	3.2e-002	chr6:142838954-142838855	10.26	tp	1
3-CCCCKCCC	STREME-3	3.2e-002	chr10:30483136-30483037	10.26	tp	1
3-CCCCKCCC	STREME-3	3.2e-002	chr4:129974483-129974384	10.26	fp	1
3-CCCCKCCC	STREME-3	3.2e-002	chr2:103798032-103797933	10.11	tp	0
3-CCCCKCCC	STREME-3	3.2e-002	chr13:39515723-39515624	10.11	tp	0
#
4-CTGGGGAGA	STREME-4	9.4e-001	chr2:131039690-131039591	14.53	tp	0
4-CTGGGGAGA	STREME-4	9.4e-001	chr1:173211150-173211051	14.53	tp	0
4-CTGGGGAGA	STREME-4	9.4e-001	chr9:70774706-70774607	14.53	tp	0
4-CTGGGGAGA	STREME-4	9.4e-001	chr11:69793483-69793384	14.53	tp	0
4-CTGGGGAGA	STREME-4	9.4e-001	chr5:143814527-143814428	14.53	tp	0
4-CTGGGGAGA	STREME-4	9.4e-001	chr12:82044556-82044457	14.53	tp	0
4-CTGGGGAGA	STREME-4	9.4e-001	chr11:44322587-44322488	14.53	tp	0
4-CTGGGGAGA	STREME-4	9.4e-001	chr1:134941633-134941534	14.53	tp	0
4-CTGGGGAGA	STREME-4	9.4e-001	chr4:155336183-155336084	14.53	tp	1
4-CTGGGGAGA	STREME-4	9.4e-001	chr9:114376100-114376001	14.53	fp	1
4-CTGGGGAGA	STREME-4	9.4e-001	chr7:16987393-16987294	13.40	tp	0
4-CTGGGGAGA	STREME-4	9.4e-001	chr10:93585602-93585503	13.40	tp	0
4-CTGGGGAGA	STREME-4	9.4e-001	chr11:4577508-4577409	12.64	tp	0
4-CTGGGGAGA	STREME-4	9.4e-001	chr12:70860659-70860560	12.47	tp	0
4-CTGGGGAGA	STREME-4	9.4e-001	chr5:87232954-87232855	12.47	tp	0
4-CTGGGGAGA	STREME-4	9.4e-001	chr3:30812041-30811942	12.47	tp	0
4-CTGGGGAGA	STREME-4	9.4e-001	chr4:122964163-122964064	12.47	tp	0
4-CTGGGGAGA	STREME-4	9.4e-001	chr7:148318226-148318127	12.47	tp	0
4-CTGGGGAGA	STREME-4	9.4e-001	chr2:167169431-167169332	11.89	tp	0
4-CTGGGGAGA	STREME-4	9.4e-001	chr2:93306655-93306556	11.89	tp	0
4-CTGGGGAGA	STREME-4	9.4e-001	chr11:32193632-32193533	11.89	tp	0
4-CTGGGGAGA	STREME-4	9.4e-001	chr6:72223224-72223125	11.89	fp	0
4-CTGGGGAGA	STREME-4	9.4e-001	chr16:85214945-85214846	11.79	tp	0
4-CTGGGGAGA	STREME-4	9.4e-001	chr17:29575482-29575383	11.79	tp	0
4-CTGGGGAGA	STREME-4	9.4e-001	chr11:115374672-115374573	11.79	tp	0
4-CTGGGGAGA	STREME-4	9.4e-001	chr7:111007728-111007629	11.79	fp	1
4-CTGGGGAGA	STREME-4	9.4e-001	chr8:126512698-126512599	11.13	tp	0
4-CTGGGGAGA	STREME-4	9.4e-001	chr3:101355976-101355877	11.00	tp	0
4-CTGGGGAGA	STREME-4	9.4e-001	chr14:71023864-71023765	11.00	tp	0
4-CTGGGGAGA	STREME-4	9.4e-001	chr7:36133151-36133052	10.98	tp	0
4-CTGGGGAGA	STREME-4	9.4e-001	chr8:122302751-122302652	10.92	tp	0
4-CTGGGGAGA	STREME-4	9.4e-001	chr8:19984228-19984129	10.92	tp	0
4-CTGGGGAGA	STREME-4	9.4e-001	chr3:51492656-51492557	10.92	tp	0
4-CTGGGGAGA	STREME-4	9.4e-001	chr12:112506013-112505914	10.92	fp	0
4-CTGGGGAGA	STREME-4	9.4e-001	chr13:98513510-98513411	10.92	fp	1
4-CTGGGGAGA	STREME-4	9.4e-001	chr13:98513510-98513411	10.77	tp	0
#
5-AAACGCCCW	STREME-5	1.0e+000	chr19:24348911-24348812	16.64	tp	0
5-AAACGCCCW	STREME-5	1.0e+000	chrX:7679463-7679364	16.64	tp	0
5-AAACGCCCW	STREME-5	1.0e+000	chr7:139915631-139915532	16.64	tp	0
5-AAACGCCCW	STREME-5	1.0e+000	chr11:60989018-60988919	16.64	tp	0
5-AAACGCCCW	STREME-5	1.0e+000	chr4:143002526-143002427	16.64	tp	0
5-AAACGCCCW	STREME-5	1.0e+000	chr3:116562319-116562220	16.64	tp	0
5-AAACGCCCW	STREME-5	1.0e+000	chr5:139673006-139672907	16.46	tp	0
5-AAACGCCCW	STREME-5	1.0e+000	chr8:126512698-126512599	16.46	tp	0
5-AAACGCCCW	STREME-5	1.0e+000	chr12:3795637-3795538	15.01	tp	0
5-AAACGCCCW	STREME-5	1.0e+000	chr6:136416949-136416850	15.01	tp	0
5-AAACGCCCW	STREME-5	1.0e+000	chr5:77087435-77087336	15.01	tp	0
5-AAACGCCCW	STREME-5	1.0e+000	chr5:144386381-144386282	15.01	tp	0
5-AAACGCCCW	STREME-5	1.0e+000	chr18:32716407-32716308	14.78	tp	0
5-AAACGCCCW	STREME-5	1.0e+000	chr4:129974483-129974384	14.78	tp	0
5-AAACGCCCW	STREME-5	1.0e+000	chr16:38371885-38371786	14.78	tp	0
5-AAACGCCCW	STREME-5	1.0e+000	chr3:151777994-151777895	14.61	tp	0
5-AAACGCCCW	STREME-5	1.0e+000	chr7:87847579-87847480	14.43	tp	0
5-AAACGCCCW	STREME-5	1.0e+000	chr11:77795382-77795283	14.43	tp	0
5-AAACGCCCW	STREME-5	1.0e+000	chr17:29575482-29575383	14.30	tp	0
5-AAACGCCCW	STREME-5	1.0e+000	chr3:19550693-19550594	14.26	tp	0
5-AAACGCCCW	STREME-5	1.0e+000	chr19:17397929-17397830	13.23	tp	0
5-AAACGCCCW	STREME-5	1.0e+000	chr12:70884745-70884646	13.06	tp	0
5-AAACGCCCW	STREME-5	1.0e+000	chr5:121847717-121847618	12.84	tp	0
5-AAACGCCCW	STREME-5	1.0e+000	chr8:113905988-113905889	12.42	tp	0
#
6-AACAAGGAAARA	STREME-6	1.0e+000	chr19:8797898-8797799	18.57	tp	0
6-AACAAGGAAARA	STREME-6	1.0e+000	chr5:45951763-45951664	18.57	tp	0
6-AACAAGGAAARA	STREME-6	1.0e+000	chr8:113026822-113026723	16.07	tp	0
6-AACAAGGAAARA	STREME-6	1.0e+000	chr7:91033620-91033521	15.07	tp	0
6-AACAAGGAAARA	STREME-6	1.0e+000	chr11:62363914-62363815	14.54	tp	0
6-AACAAGGAAARA	STREME-6	1.0e+000	chr16:12052339-12052240	14.10	tp	0
6-AACAAGGAAARA	STREME-6	1.0e+000	chr19:7017305-7017206	13.98	tp	0
6-AACAAGGAAARA	STREME-6	1.0e+000	chr5:104189113-104189014	13.87	tp	0
6-AACAAGGAAARA	STREME-6	1.0e+000	chr14:119195510-119195411	13.79	tp	0
6-AACAAGGAAARA	STREME-6	1.0e+000	chr15:66969275-66969176	13.47	tp	0
6-AACAAGGAAARA	STREME-6	1.0e+000	chr15:38999368-38999269	13.45	tp	0
6-AACAAGGAAARA	STREME-6	1.0e+000	chr14:21479293-21479194	13.42	tp	0
6-AACAAGGAAARA	STREME-6	1.0e+000	chr3:102933442-102933343	13.31	tp	0
6-AACAAGGAAARA	STREME-6	1.0e+000	chr15:75434299-75434200	13.19	tp	0
6-AACAAGGAAARA	STREME-6	1.0e+000	chr16:10384410-10384311	13.01	fp	1
6-AACAAGGAAARA	STREME-6	1.0e+000	chr16:38371885-38371786	12.78	tp	0
6-AACAAGGAAARA	STREME-6	1.0e+000	chr6:146179149-146179050	12.07	tp	0
6-AACAAGGAAARA	STREME-6	1.0e+000	chr11:115139344-115139245	12.04	tp	0
6-AACAAGGAAARA	STREME-6	1.0e+000	chr8:97964168-97964069	11.93	tp	0
6-AACAAGGAAARA	STREME-6	1.0e+000	chr2:103798032-103797933	11.75	tp	0
6-AACAAGGAAARA	STREME-6	1.0e+000	chr7:16987393-16987294	11.71	fp	1
6-AACAAGGAAARA	STREME-6	1.0e+000	chr1:59010821-59010722	11.59	tp	0
